,article_id,date,embedding,n_chunks_orig,clean_category,nøgle,text,category,article_length,characters,embedding_shape,newspaper,label_type,book_announce,comment,predicted_book_announce
4507,lol_004527,1810-11-20,"[ 0.0440823   0.02106447 -0.00836289 ... -0.03460965 -0.05401086
 -0.01683017]",1,Bekjendtgjørelser,1810-11-20_8320,"Paa Addresse-Contoiret i Mariboe kan bekommes Tilkjøbs: De Franskes Keiser Napoleons Levnet, ved J. Krag Høst. 1ste Deel. Kbh. 1810. 1 Rd. 1 Mk. 2 s.",Bekjendtgjørelser,26,149,[1024],lol,gold,unknown,,y
616091,vib_100957,1828-08-12,"[ 0.00981444  0.00164794 -0.03811529 ... -0.00746302 -0.03214134
 -0.00510154]",1,Bekjendtgjørelser,1828-08-12_256115,"Kjøbenhavns grøn Sæbe til Fabriquens Priser, lyst og godt St. Croix Sukker, nye Caroliner Risengryn, fiin Riismeel ægte Bordeaux Viin-Edike m.m. er nyelig arriveret og faaes hos undertegnede for billigste Priser. L. Worre.",Bekjendtgjørelser,33,222,[1024],vib,predicted,unknown,,y
162851,aal_077787,1830-05-26,"[ 0.02318927  0.00058317 -0.02369319 ... -0.02473268 -0.03803369
  0.00388711]",1,Bekjendtgjørelser,1830-05-26_26144,"Bøggild. Undertegnede er bleven forsynet med franske, og engelske couleurte Merinos; smagfulde Bomulds-, Jndenne og Barege-Tøier. Couleurte Nanquins, Sommertøi til Frakker, Bobinetter, Blonder, AtlaskesBaand, m. m. m., som Alt udsælges til billigste",Fædrenelandet,32,249,[1024],aal,predicted,unknown,,y
64013,lol_064366,1831-06-17,"[ 0.00779484  0.00273163 -0.01451259 ... -0.0286521  -0.01756019
  0.01713366]",1,Bekjendtgjørelser,1831-06-17_104610,"Undertegnede er for Eftertiden forsynet med de i Latinskoler og Borgerskoler anordnede Lærebøger, ligesom jeg ogsaa anskaffer Bøger efter Bestilling; Alt til Bogladepriis, blot tillæggende en ubetydelig Forhøielse for Fragt. Tillige beder jeg mig anbefalet som Bogbinder. Nykjøbing, den 16de Juni 1831. Ærbødigst.",Bekjendtgjørelser,43,313,[1024],lol,gold,unknown,,y
481340,thi_038158,1839-02-11,"[ 0.01896181  0.00455912 -0.01313369 ... -0.01398634 -0.03876953
 -0.00213615]",1,Bekjendtgjørelser,1839-02-11_49324,"Ligesom jeg engang for har havt den Ære at bekjendtgjøre et anonyme Artikler uden at Navn, eller Hjemmel meddeles mig, ikke optages i mit Blad, og altsaa heller ikke det under Ab. indsendte Inserat, uden at Forfatteren opgiver sit Navn; saaledes finder jeg mig beføiet til herved at erklære, at ingen anonym Artikkel i de sidste 10 Aar af mig er bleven indsendt directe eller inddirecte til noget andet Blad. Redacteuren.",AVERTISSEMENTS,71,421,[1024],thi,predicted,unknown,,y
434056,ode_193319,1847-10-04,"[ 0.00449832  0.00851719 -0.0272491  ... -0.01395639 -0.00998214
  0.01211042]",1,Bekjendtgjørelser,1847-10-04_390979,"Ved en af mig etableret Svovlstikkefabrik af chemiske Svovlstikker, hvis Godhed og Tændbarhed allerede er erkjendt ved flere af mig Dhrr. Handlende tilsendte Prøver, ere saadanne at erholde til 6 Mk. 4 s. pr. Gros, og anbefaler jeg mig til Afsætning i større Qvantiteter.",AVERTISSEMENTS,44,271,[1024],ode,predicted,unknown,,y
252015,ode_010925,1811-07-16,"[ 0.02415356 -0.01484721 -0.01757471 ... -0.04118807 -0.03043177
 -0.00453072]",1,Bekjendtgjørelser,1811-07-16_142559,Hos Professorerne Treschow og Castberg i Kjøbenhavn tegner man sig for Bidrag til et Universitets Oprettelse i Norge.,Første rubrik,18,117,[1024],ode,predicted,unknown,,y
570967,vib_055742,1820-08-26,"[ 0.00900118  0.02159526 -0.02196933 ... -0.03090913 -0.05866918
  0.00266593]",1,Bekjendtgjørelser,1820-08-26_190147,Nogle Fag Huus til Straakorn er at faae til Leiehos Gjæstgiver Brøndum.,Bekjendtgjørelser,12,71,[1024],vib,predicted,unknown,,y
759694,aar_074756,1817-12-27,"[ 0.0138354  -0.0008995  -0.01934307 ... -0.01230645 -0.09018229
 -0.02060923]",1,Bekjendtgjørelser,1817-12-27_99336,"Nye ankomme Citroner faaes for billig Priis hos Peder Lars. Schmidt, paa Vestergaden.",Bekiendtgiørelser,13,85,[1024],aar,predicted,unknown,,y
542286,vib_026969,1815-06-26,"[ 0.02431004 -0.00301056 -0.0184194  ... -0.011152   -0.03575904
  0.01435289]",1,Bekjendtgjørelser,1815-06-26_149285,"At det nylig udkomne 6te Oplag af min Haandbog for læsende Ungdom koster i Materie netto 64 Rbs. og ikke anderledes herfra udleveres heller ikke gives i Commission, undlader jeg ikke herved at underrette mine Venner og Correspondentere om. A. F. Just.",Bekjendtgjørelser,42,251,[1024],vib,predicted,unknown,,y
554478,vib_039194,1817-09-20,"[ 0.03368554 -0.0045362  -0.01164786 ... -0.03444459 -0.05851855
 -0.00526836]",1,Bekjendtgjørelser,1817-09-20_166322,Den dertil ei navngivne Forsatter eller Forfatterindydes derfor her min varme og inderligste TakViborg den 18de Septbr. 1817. I. Hagemann.,Indenlandske Tidender,20,138,[1024],vib,predicted,unknown,,y
648795,vib_133750,1835-11-21,"[ 0.02274486  0.00374676 -0.01947557 ... -0.02267898 -0.00764914
  0.01316369]",1,Bekjendtgjørelser,1835-11-21_309148,"En Mand og hans Kone, uden Børn, hvilken sidste har lært Hollænderiet til Fuldkommenhed af sin Fader, en fød Schweitzer, ønske til førstkommende Mai at blive antagne som Bestyrere ved et Hollænderie. Manden har lært Muur=Professionen og kan paatage sig ethvert Arbeide i dette Fag. Hos Hr. Bogtrykker Dousi Viborg faaes nærmere Underretning, saavelsom hos Proprietair Lund paa Heiriis pr. Viborg.",AVERTISSEMENTS,61,396,[1024],vib,predicted,unknown,,y
820092,aar_135228,1831-10-18,"[ 0.01539345  0.01683833 -0.0372052  ... -0.0103795  -0.03068008
  0.041504  ]",1,Bekjendtgjørelser,1831-10-18_176477,"Af de saameget gode laquerede Filtsaaler som holder Fugtigheden ude, er at bekomme paa Hattefabriken, hvor tillige sælges alle Slags Lak til Laquering for meget billige Priser af J. Hirsch.",Bekjendtgjørelser,30,189,[1024],aar,predicted,unknown,,y
60435,lol_060779,1830-04-09,"[ 0.01973263 -0.00087002 -0.02305808 ... -0.02390707 -0.05043241
 -0.01860002]",1,Bekjendtgjørelser,1830-04-09_98862,"Følgende nylig udkomne Bøger faaes hos Giegengacki Mariebo: Geistlig Stat, eller Fortegnelse over de Candidater, som have underkastet sig den theologiske Embeds-Exammen ved Kjøbenhavns Universitet efter 7de Mai 1788, med Vedtegninger.",Bekjendtgjørelser,31,234,[1024],lol,gold,unknown,,y
244661,ode_003564,1809-10-30,"[ 0.01956785  0.00176398 -0.02896525 ... -0.00248851 -0.00363528
 -0.01876337]",1,Bekjendtgjørelser,1809-10-30_133119,"Paa Bogense Apothek er for Fremtiden at bekomme: rød Viin, gammel og ung dito, fransk Brændeviin. Rom, Kirsebærviin, Viin= og Øll Ædike, Gewürtz= og Farve=Vahre, Alle friske og til billigste Priser. Reineche. Apotheker.",Avertissements,33,219,[1024],ode,predicted,unknown,,y
9960,lol_010001,1812-11-06,"[ 0.02539061  0.00365353 -0.01517777 ... -0.00021575 -0.03818665
 -0.01131311]",1,Bekjendtgjørelser,1812-11-06_18280,"Ovenmeldte Tale kan faaes for ommeldte Priis, hos Hr. Kjøbmand Boje i Mariboe, Hr. HofboghandlerPoulsen og Forfatteren.",Bekjendtgjørelser,17,119,[1024],lol,gold,unknown,,y
291760,ode_050712,1820-02-15,"[ 0.02276855  0.00328865 -0.06126055 ... -0.02486179 -0.06840818
  0.0261946 ]",1,Bekjendtgjørelser,1820-02-15_194091,"Johanne Jacob. Hennenberg sal. Löbet, Kapitels-Taxterne fra 1660 til Nu, og Middeltal at 10 Aar, fra 1810 til 1819 inclusive, faaes for 2 Mk. hos L. N. Faber.",Avertissements,28,158,[1024],ode,predicted,unknown,,y
99155,aal_014064,1820-04-26,"[ 0.00634495 -0.0141871  -0.0314558  ... -0.01499724 -0.04710693
 -0.00510455]",1,Bekjendtgjørelser,16469,"Prof. Dittmar har atter udgivet et Skrift om det Veirlig, som kan ventes i Sommerhalvaaret 1820, fra Foraarets Begyndelse indtil Enden af October, 160 Sider i 800.",Blandede Efterretninger.,27,163,[1024],aal,predicted,unknown,,y
815107,aar_130238,1829-11-19,"[ 0.01416985  0.0026734  -0.01535188 ... -0.01868069 -0.04147617
 -0.01709992]",1,Bekjendtgjørelser,1829-11-19_169975,"Friske Citroner, Lau de Cologne i Flasker og Kasser, Riga=Balsom, Schaurs Balsom, engelsk Opodeldoe, sort og hvid engelsk Plaster, Clorin-Cale, CitronSukker, Pebermynte=Kager, Pebermynte-Morseller, Bryst=Sukker, Strøe-Sukker, Sukker=Kugler, Sukter Mandler, samt flere Slags Conditorsager, Vindfor=Sæbe, Tusk, pulveriseret guul og graa Sennop, med mere, er at bekomme til billigste Priser paa Greenaae Apothek. Dahl. En Kjøber til nogle vel tørre Bøgeplanker, anviser Adressekontoiret.",Bekjendtgjørelser,60,484,[1024],aar,predicted,unknown,,y
687771,aar_002754,1795-04-15,"[ 0.03670239  0.00080884 -0.02421836 ... -0.02541374 -0.0596442
  0.00289223]",1,Bekjendtgjørelser,1795-04-15_3919,"Hamborger Magasin, eller samlede Skrif. R. tertil underretning og Fornøyelse for Naturforskere og angenemme Videnskaber, et Verk af 26 Tomer, vel Conditioneret; kan faaes tilkjøbs for billig Priis hos P. Willadsen i Aarhuus.",Bekiendtgiørelser,33,224,[1024],aar,predicted,unknown,,y
162112,aal_077047,1830-04-24,"[ 0.01847628  0.01952312 -0.02903123 ... -0.03179875 -0.06277391
 -0.00395351]",2,Bekjendtgjørelser,1830-04-24_25245,"Jndhold: 1) Blandede Sager: a) Vensysselske Veibemærkninger i Paaskeugen; b) Brev fra Læsøe til Udgiveren: e) Sendebrev til Damerne i Aalborg; b) Kudskeuforsigtighed; e) Kudskehøflighed; f) Skal vi ikke sætte ham i Jagttageren i g) Gadepassagen; b) Notice fra Skagen. - 2) Saent Jacobs Aften (fortsat) - 3) Misceller og Anecdoter. C. F. Severin. Et lille smukt Schatol eller en Secretær, ønskes tilkjøbs. Stiftsbogtrykkeriet anviser. At jeg er flyttet fra Bredegade og nu boer i store Nyegade, det har jeg herved den Ære at bekjendtgjøre for mine ærede Kunder. Aalborg, den 23de April 1830. Peter A. Moht, Skomagermester.",Bekjendtgjørelser,98,621,[1024],aal,predicted,y,,
420071,ode_179324,1846-01-26,"[ 0.04781058  0.01680351 -0.03246505 ... -0.01964641 -0.02860406
 -0.00856908]",1,Bekjendtgjørelser,1846-01-26_372058,Gjenstandene for Forhandlingerne vil nærmest blive Forelæggelsen af det reviderede og deciderede Regnskab pro 1845 samt Valg saavel paa et nyt Bestyrelsesmedlem i den Fratrædendes Sted som af Revisor og Decisor for Regnskabsaaret 1846. Bestyrelsen.,AVERTISSEMENTS,35,248,[1024],ode,predicted,unknown,,y
682917,vib_167943,1842-08-18,"[ 0.02916976  0.00171077 -0.01786979 ... -0.01922265 -0.04004802
 -0.03339147]",1,Bekjendtgjørelser,1842-08-18_363563,J. Et Parti gode hjemmegjorte Bolster og Dynevaar er i Dag arriveret og sælges billigst muligt af M. N. Samson.,AVERTISSEMENTS,20,111,[1024],vib,predicted,unknown,,y
566618,vib_051375,1819-11-03,"[-0.00763378 -0.00421137 -0.01610837 ... -0.0122791  -0.02723541
  0.00323058]",1,Bekjendtgjørelser,1819-11-03_183655,"October 1819. Just Christensen. Litteratur. Dyder og Udyder i Exempler af Bibelen, med hosføiede udvalgte Sprog af samme, som og forklarende Jndledninger til enhver Dyd og Udyd, saavelsom til de bibelske Historier. Af H. Bjerregaard Sognepræst til Hjermind, Lee og Hjorthede Menigheder i Viborg Stift. 1ste Deel 904 Sider.",Bekjendtgjørelser,49,322,[1024],vib,predicted,unknown,,y
70855,lol_071224,1833-12-03,"[ 0.05261714  0.01370775 -0.03125177 ... -0.0222923  -0.03520814
  0.00534071]",1,Bekjendtgjørelser,1833-12-03_115707,"Bekjendtgjørelser. Den første af de Concerter, som en Deel Musicerende i indeværende Vinter have betænkt at give i Nakskov, og hvis beholdne Jndtægt er bestemt til Bedste for Kirken, er berammet til Søndagen den 8de Decbr. 1833, om Aftenen Kl. 7, i ""Harmonien, og vil komme til at bestaae af forskjellige Jnstrumental- og Vocal-Nummere. Billetterne, til 3 Mk. Stykket, kunne forinden erholdes hos Kirkeværgen, hvorimod de ikke erholdes ved Indgangen.",Bekjendtgjørelser,70,450,[1024],lol,gold,unknown,,y
66730,lol_067090,1832-05-22,"[ 0.00958654  0.00351937 -0.04179654 ... -0.01948584 -0.03275956
 -0.00213628]",1,Bekjendtgjørelser,1832-05-22_109093,"De 2de første Auctioner afholdes paa mit Contoir, men den sidste i Huset selv.",Bekjendtgjørelser,14,78,[1024],lol,gold,unknown,,y
610904,vib_095764,1827-07-23,"[ 0.01605842  0.01326555 -0.01866608 ... -0.01856335 -0.02830124
 -0.00373577]",1,Bekjendtgjørelser,1827-07-23_248411,Bekjendtgjørelser. Nye Kjøbelodder til det 80de Kjøbenhavnske Classelotteries første Classera 2 Rbd. ere endnu at faae hos I. C. Holm.,Bekjendtgjørelser,20,134,[1024],vib,predicted,unknown,,y
228326,aal_143397,1841-02-05,"[ 0.0345453   0.02912233 -0.01693288 ... -0.02119021 -0.04787621
 -0.00829985]",1,Bekjendtgjørelser,1841-02-05_115130,"De af de ærede Abonnenter, som endnu staae tilbage, med Præumerationsbeløbet, 7 Mk. 8 s. og 7 sk. Porto, ville behage snarest muligt at tilstille Undertegnede Samme. Nogle Exemplarer kunne til den nævnte oprindelige Abonnementspriis endnu erholdes paa Adressecomptoiret.",Bekjendtgjørelser,39,270,[1024],aal,predicted,unknown,,y
563331,vib_048078,1819-04-07,"[ 0.03792534  0.00642942 -0.03665401 ... -0.00799932 -0.03761344
 -0.00285832]",1,Bekjendtgjørelser,1819-04-07_178863,"Viborg, den 6te Marts 1819. Peder Brøndum. Fra Pressen er udkommen: Regne Tabeller for Begyndere, (1 Ark) heftet i Stift og faaes paa Bogladerne og hos undertegnede Forlægger, Stykket for 12 s. A. F. Just.",Bekiendtgiørelser,35,205,[1024],vib,predicted,unknown,,y
237960,aal_153045,1842-07-14,"[ 0.02950751  0.00957357 -0.0260873  ... -0.01737462 -0.07234529
 -0.00183413]",1,Bekjendtgjørelser,1842-07-14_127481,"En ny Fiel-Reisevogn, der kan bruges saavel til 12 P. Dahl, som 2 spændig, er tilkjøbs hos paa Nytorv. Et smukt nyt Birketræes Schatol kan bekommes tilkjøbs. Adressecomptoiret anviser.",Bekjendtgjørelser,29,184,[1024],aal,predicted,unknown,,y
689293,aar_004277,1795-12-19,"[ 0.02367416  0.00996435 -0.02611928 ... -0.00969149 -0.06877579
 -0.01634704]",1,Bekjendtgjørelser,1795-12-19_6002,"Hos mig Undertegnede er en for Qvantitet af allernyeste Nytaars=Ønsker af forskiellige Slags paa Taft og le Arker at faae, nyligen hiemkommen fra Kiøbenhavn og til billig Priis, og ligesaa den Astronomiske BørneVen og Samling af Jule=Lege til Fornøielse i Selskaber; i Aarhuus hos J. F. Nordstedt.",Bekiendtgiørelser,47,297,[1024],aar,predicted,unknown,,y
564050,vib_048798,1819-05-26,"[ 0.01547349  0.00836994 -0.01928771 ... -0.0197316  -0.00888803
  0.01162715]",1,Bekjendtgjørelser,1819-05-26_179885,"Man taler om en Subskription til et Minde for den bydige Maleshørbes, der som Advokat forsvarede Kong Luppig den 16de.",Titelblad,20,118,[1024],vib,predicted,unknown,,y
100825,aal_015734,1820-07-26,"[ 0.01784857  0.00934101  0.00047337 ... -0.01498104 -0.05460224
 -0.00731798]",1,Bekjendtgjørelser,18477,B. Hos Hr. Bogtrykker Borch er indleveret: Fra Hr. Schiellerup i Aalborg een Rbd. Seddel. c. Over det hos Hr. Bogtrykker Wandall allerede Jndkomne og videre Belovede skal med det første skee Anmeldelse.,Bekiendtgiørelser.,33,202,[1024],aal,predicted,unknown,,y
54644,lol_054975,1828-03-25,"[ 0.01573391  0.02408581 -0.00912606 ... -0.02182238  0.00010098
  0.01999221]",1,Bekjendtgjørelser,1828-03-25_89522,"Skolelærer Jacobsen i Gundslev kan atter paatage sig i Sommer, at paaklistre 3 a 4 fuldstændige SætTabeller til den indbyrdes Underviisning, forsynede med Hjørner og farvede Kanter, for 18 Rbd. pr. Sæt. Vedkommende vilde behage, at sende Tabellerne snarest muligt.",Bekjendtgjørelser,40,264,[1024],lol,gold,unknown,,y
426359,ode_185617,1846-11-23,"[ 0.03808444 -0.00482928 -0.02779115 ... -0.00977026  0.0001658
  0.00391613]",1,Bekjendtgjørelser,1846-11-23_380462,"Med Motto Sandhed, Kraft og Liv og LystVarme, hæve Barnets Bryst. Frøet lagt i Livets Vaar, Bringer Frugt i mange Aar.",AVERTISSEMENTS,21,118,[1024],ode,predicted,unknown,,y
826617,aar_141767,1832-12-28,"[ 0.03498334  0.00653865 -0.0281302  ... -0.00629741 -0.04352698
 -0.00102178]",1,Bekjendtgjørelser,1832-12-28_184922,"Nyelig er jeg blevet forsynet med endeel smukke Bomuldstøier, Jndienne, Bomulds og Silke=Tørklæder, sorte og andre Couleurer Cren=Tørklæder med Fryndser, Silkeog Bomulds=Baand, Merinos, m. m. som faaes til billige Priser hos Jacob Smith, paa Vestergade. Caffe i Partier, fare, brille og svensk Staal i Fade, svensk, norsk og engelsk Stang-Jern, samt grønne 3/4 Pots Flasker faaes billig hos Chr. Alb. Bünger.",Bekjendtgjørelser,61,408,[1024],aar,predicted,unknown,,y
855475,aar_170666,1838-03-30,"[ 0.03855848  0.00769266 -0.03584758 ... -0.01104674 -0.06239673
 -0.01140768]",1,Bekjendtgjørelser,1838-03-30_221563,"Violinisten Remmers, Kammermusikus ved Hoffet i St. Petersborg, kan om føie Tid ventes hertil. Denne Kunstner (født i Slesvig) er bekjendtved sit klassiske Mesterspil.",Fædrelandet,24,167,[1024],aar,predicted,unknown,,y
431325,ode_190587,1847-06-15,"[ 0.03504006  0.00484346 -0.02376034 ... -0.02890864 -0.04382484
  0.00643232]",1,Bekjendtgjørelser,1847-06-15_387405,"AVERTISSEMENTS. Leths Huuspostil, denne ypperlige Bog, som overalt har vunden saameget bifald, er nu 2det Oplag udkommet complet. Den faaes for 3 Rbd. 3 Mk. smukt indb. i alle Boglader i Danmark og Norge, og i Odense hos Forlæggeren den Hempelske Boghandel. Nylig er udkommet og faaes i den Hempelske Boglade; Tidsskrift for Landoeconomie, udgivet af J. C. Hald, Secretair i det Kongelige Landhuusholdnings Selskab, 9de Binds 1ste Hefte. 4 Mk. Subskription paa Fortsættelsen modtages.",AVERTISSEMENTS,75,484,[1024],ode,predicted,unknown,,y
763948,aar_079014,1819-04-16,"[ 0.02191819  0.03073297 -0.01631123 ... -0.01739971 -0.05582061
 -0.01686131]",1,Bekjendtgjørelser,1819-04-16_104665,"God Punsch Extract faaes for 8 Rbmk. med Flaske paa det store Torv hos P. H. JordanEn liden Huusleilighed kan erholdes til Leie paa det saakaldte Grønland, til anstundende Flyttetid. Adressekontoiret anviser.",Bekiendtgiørelser,32,208,[1024],aar,predicted,unknown,,y
769698,aar_084770,1820-09-22,"[ 0.0379891   0.01775576 -0.0364521  ... -0.03513649 -0.06053937
  0.01011084]",1,Bekjendtgjørelser,1820-09-22_111930,"Mit Leiebibliothek, circa 5000 Bind, kan til 1ste Novbr. faaes til Kiøbs eller til Leie paa visse Aar Liebhavere ville behage jo før jo hellere at aftale det for nødne med mig. Aarhuus den 22de Septbr. 1820. Jensen.",Bekiendtgiørelser,38,215,[1024],aar,predicted,unknown,,y
13053,lol_013106,1814-04-05,"[ 0.03244216  0.01897297 -0.02306398 ... -0.03058929 -0.03456609
  0.02210982]",1,Bekjendtgjørelser,1814-04-05_24028,"Gaver. Fortegnelse over de frivillige Biedrage, som er givet til den brandlidte Selveier Gaardmand Markus Ludvigsen i Høysmarke ved Taars Færge. Sidenius 5 Rbd. M. Brabrand 1 Rbd. Feilberg, 2 Rbd. H. C. Krøyer 2 Rbd. Smith 2 Rbmk.",Bekjendtgjørelser,39,230,[1024],lol,gold,unknown,,y
713088,aar_028097,1804-05-23,"[ 0.01784189  0.00684551 -0.02266777 ... -0.02852674 -0.02498888
 -0.01624453]",1,Bekjendtgjørelser,1804-05-23_38271,"Her paa Adresse=Contoiret faaes tilkiøbs: Forsøg til en kristelig Bornelærdom, af N. Blicher, Præst i Randlev, andet og omarbeidet Udgave, for 3 s. i taae Materie, heftet 5 s. Blichers Visdoms og Drds Tabel = 3 s. Lov og Rets Tabel for Danske Bønder 3 s. . Heste og Qvæglæge Tabel . . 3 s. NB. J Bog= eller Halvhundredviis faaes Stykkefor 2",Bekiendtgiørelser,63,340,[1024],aar,predicted,unknown,,y
558542,vib_043267,1818-06-17,"[ 0.02672684  0.00851763 -0.04364871 ... -0.03214891 -0.01754921
  0.01184371]",1,Bekjendtgjørelser,1818-06-17_171947,"Bekiendtgjørelser. Følgende, mig fra Stiftamtmandskabet communicerede, Gjenpart af det Kongelige Rentekammers Circulaire, saalydende:",Bekiendtgjørelser,13,133,[1024],vib,predicted,unknown,,y
746349,aar_061398,1814-04-19,"[ 0.0451303   0.00552057 -0.03610501 ... -0.00405845 -0.03282846
  0.01458669]",1,Bekjendtgjørelser,1814-04-19_82459,"Reen og skiøn Sæde=Havre og Byg anviser Bogtrykkeriet til Salg, heri Byen at faae.",Bekiendtgiørelser,14,82,[1024],aar,predicted,unknown,,y
143144,aal_058058,1827-01-15,"[ 0.02140807  0.02572652 -0.02006824 ... -0.04928209 -0.03483948
  0.00266798]",1,Bekjendtgjørelser,70569,"De Værelser paa Hjørnet af Svingelen og Skolegaden som for Tiden beboes af Bøssemager Løbnitz, kan faaes til Leietil Paaske Flyttetid. 4 a 5 Værelser med Kjøkken og øvrige Bekvemmeligheder for en honet Familie er at faae tilleie førstkommende Flyttedag. Hr. Bogtrykker Borch anviser.",Viborg.,44,283,[1024],aal,predicted,unknown,,y
576890,vib_061679,1821-09-10,"[ 0.01218101  0.02055672 -0.00969117 ... -0.02951108 -0.02836449
  0.00291301]",1,Bekjendtgjørelser,1821-09-10_198765,I. C. Tetens Kirsebær-Viin paa Flasker samt Likører i større og mindre Partier faaes hos H. P. Høver.,Bekjendtgjørelser,18,101,[1024],vib,predicted,unknown,,y
365262,ode_124421,1837-02-17,"[ 0.02090839  0.01719926 -0.02927817 ... -0.02068161 -0.04000562
 -0.02141492]",1,Bekjendtgjørelser,1837-02-17_297672,"Som en Begyndelse er her paa Adressekontoiret hidtil subskriberet til et Museum for Thorvaldsens Værker: en Gang for alle 3 Rbd. r. S. og 12 Rbd. aarligt Bidrag, i 3 Aar. Et Par Ord. det paatænkte Thorvaldsenske Museum.",Fædrelandet,38,219,[1024],ode,predicted,unknown,,y
572503,vib_057282,1820-12-09,"[ 0.05052854  0.00285065 -0.01018323 ... -0.00589473 -0.05411056
 -0.02062769]",1,Bekjendtgjørelser,1820-12-09_192329,"Kings og evangeliske stor og smaastilede Salmbøger Lærebøger, Birchs Bibelhistorier, Katekis. mer, A.B. C. og Almanakker, faaes til gangbare Priser hos A F. Just.",Bekjendtgjørelser,24,162,[1024],vib,predicted,unknown,,y
296858,ode_055814,1821-03-02,"[ 0.01905996  0.00560469 -0.01668252 ... -0.01772126 -0.03392993
  0.0010795 ]",1,Bekjendtgjørelser,1821-03-02_201012,"Af de for menig Mand bestemte Exemplarer af SaraSmorros Troniken overlades nu til Skoler, Sogneselskaber, og Almuehogsamlinger etc. de udkomne 2 første Dele af hver af Kronnikerne indbundne for 4 Rbd. Sedler, naar Man derom behager at henvende sig til en af Kommitteens Medlemmer Pastor Jlarnsyld i Assens, Overlærer, Dr. Müllertz i Nyborg og Adjunkt Hame i Odense, Modtageren giver Beviis for, hvortil Exemplaret er bestemt, og at Fortsættelsen ligeledes kjøbes.",Fædrelandet,71,463,[1024],ode,predicted,unknown,,y
169397,aal_084345,1831-06-06,"[ 0.01665124  0.00469775 -0.04504292 ... -0.01469792 -0.04382609
  0.00367397]",1,Bekjendtgjørelser,1831-06-06_34921,"Foruden Bøger med Tilhørende er mit Udsalg forsynet med: Et Udvalg af Musikalier, Instrumenter og Strenge, til samne Priser som i Kjøbenhavn.",Bekjendtgjoreløer,22,141,[1024],aal,predicted,unknown,,y
749340,aar_064393,1815-06-20,"[ 0.02760192  0.00994913 -0.01710808 ... -0.00796754 -0.02058274
  0.02454829]",1,Bekjendtgjørelser,1815-06-20_86295,"Lod- og Lammeuld kiøbes bestandig til de høieste Priser af Hattefabriqveur Hirsch. Commandeersergeant Støvring, boende paa Broberg i No. 301, giver Underviisning i Mathematik og Tegning.",Bekiendtgiørelser,26,186,[1024],aar,predicted,unknown,,y
152138,aal_067061,1828-07-26,"[ 0.01350847  0.00846323 -0.00325215 ... -0.04749891 -0.01679177
 -0.01157854]",1,Bekjendtgjørelser,1828-07-26_11054,"(Jndsendt.) Foranlediget ved det i No. 109 af Aalborg Stiftstidende indrykkede Stykke, om en af Hr. Laforre opfundet Fremgangsmaade, ifølge hvilken han i 30 Timer vil kunne lære Børn at læse, finder jeg mig beføiet til at bekjendtgjøre: at paa nærværende Tid af mig udarbeides et Skrift under Titel: Bogstavskriftens (Skrive og Læsekunsten) høist simple Oprindelse og første Anvendelse samt Anviisning til i faa Timer at lære ""Uvidende den Kunst at læse.",Blandinger,72,454,[1024],aal,predicted,unknown,,y
779411,aar_094495,1822-11-02,"[ 0.05519187  0.01889664 -0.01491447 ... -0.04008108 -0.0211192
 -0.0113087 ]",1,Bekjendtgjørelser,1822-11-02_124648,"Bekiendtgjørelser. Søndagen den 3die Novbr. om Aftenen Kl. 6 opføres paa Polyhymnias Theater : De fire Formyndere, Commedie i 3 After; dernæst: Den umulige Duel, Commedie i 1 Akt.",Bekiendtgjørelser,29,179,[1024],aar,predicted,unknown,,y
168735,aal_083682,1831-05-02,"[ 0.04939598  0.01368583 -0.02243966 ... -0.00703797 -0.05380441
  0.0013772 ]",1,Bekjendtgjørelser,1831-05-02_34006,"Hvor en meget peen, moderne Kobberthemaskine med Mesfing Fad er tilkjøbs for billig Priis, anviser Stiftsbogtrykkeriet.",Blandinger,16,119,[1024],aal,predicted,unknown,,y
312794,ode_071760,1824-09-14,"[ 0.00157347  0.00562701 -0.00193401 ... -0.04012407 -0.03640612
 -0.00710739]",1,Bekjendtgjørelser,1824-09-14_223223,"I Dagen No. 208 læses følgende Bekjendtgjørelse: Da Riimposen har en rivende Afsætning, saa agter Forfatteren og kort Tid at udgive en Fortsættelse i WalterScots Maneer skreven Roman betitlet: Grynposen. Th. Hegaard.",Fædrelandet,32,216,[1024],ode,predicted,unknown,,y
322701,ode_081725,1827-01-17,"[ 0.03561986 -0.00071833 -0.01298704 ... -0.0206947  -0.04304247
  0.00819888]",4,Bekjendtgjørelser,1827-01-17_237283,"Fra Pressen er udkommet: Kateketisk Magasin af J. C. Wegener, Forstander for det Kongelige Skolelærer-Seminarium paa Joenstrup. Første Binds andet Hefte, indeholdende følgende Katekisationer: 1) Den ægtekristelige Menneskekjærlighed bør være ufortrøden, virksom, uegennyttig og viis 2) Om de Glæder, den sande Menneskekjærlighed skjænker os 5) Om Guds Almagt; 4) Om Guds Alvidenhed; 5) OmGuds Viisdom; 6) Til Lærebogens 6 Kap. 1. 2. 5, 7) Religion er Menneskets vigtigste Anliggende. - Kateketiske Materialier, Udkast o. s. v. Til Lærebogens 3 Kap. 1. 2. Foranhver særskilt Katekisation findes en Forberedelse, og iøvrigt skal Samlingen indeholde deels Forfatterens egne Arbeider, deels et Valg af Andres, fornemmelig af Prof. Dinters Unterredungen. Den opmuntrende Deeltagelse, hvormed første Hefte er modtaget, lader haabe, at et for Skolevæsenet saa vigtigt Foretagende vil faae heldig Fremgang. Magasinet udkommer i tvang, løse Hefter og med hvert Bind skal følge særskilt Hovedtitel og Jndholdsliste. Bogladeprisen paa dette Hefte (9 1/2 Ark 8vo) er 5 Mk. 8 s. indheftet i kouleurt Omslag; for dem, som subskribere paa Fortsættelsen, 4 Mk. 4 s. - Tredie Hefte, hvorved første Bind sluttes, er under Pressen og udkommer med det første. Skrivtet faaes og Subskription modtages fremdeles : i Kjøbenhavn hos Hr. Hofboghandler Schubothe og paa den Gyldendalske Boglade, i Aalborg hos Hr. RottbølSadolin, i Aarhuus hos Hr. Jessen, i Randers hos Hr. Elmenhoff, i Ribe hos Hr. Ramsing, i Viborg hos Hr. Dons, i Sorøe hos Hr. F. Holm, i Nyborg hos Hr. Buschsamt hos Forlæggeren S. Hempel. Odense den 16 Januar 1827.",Fædrelandet,249,1611,[1024],ode,predicted,y,,
122727,aal_037640,1824-01-28,"[ 0.01850349  0.0163741  -0.02841377 ... -0.03093075 -0.0299059
 -0.02455115]",1,Bekjendtgjørelser,45465,"Torsdagen den 29de Januar opføres paa Theatret i Hr. Muurmester Ludewigs Gaard i Bispensgade, i Anledning af Hans Majestæt Kongens Fødselsdag: Prolog, forfattet og fremsiges af Hr. Bigum. Derefter: Hertug Uhaldo, Riddersørgespil i 5 Acter af A. v. Kotzebue, oversat af N. T. Bruun. Steiner.",Bekjendtgjørelser.,45,290,[1024],aal,predicted,unknown,,y
36356,lol_036563,1822-07-23,"[ 0.01733781 -0.00871071 -0.01489268 ... -0.02267379 -0.05515082
 -0.0231925 ]",1,Bekjendtgjørelser,1822-07-23_62282,"Tilkjøbs. Paa Addresse-Contoiret faaes tilkjøbs: fiint hollandsk Conceptpapiir, dito Propatria, beskaaren Postpapiir, linieret Nodepapiir, couleurt Papiir, forskjellige Sorter Glandspapiir, Guldpapiir samt Connossementer.",Bekjendtgjørelser,22,221,[1024],lol,gold,unknown,,y
213947,aal_128989,1838-09-29,"[ 0.02604191  0.02246719 -0.04656255 ... -0.02395542 -0.02327661
  0.01131871]",1,Bekjendtgjørelser,1838-09-29_96989,"Bekjendtgjörelser. Da jeg saa snart som muligt önskeal udsælge mil bekjendte Vorelager, serholder jeg mig til mine lidligere Bekjendtgjörelser. Jeg anbefaler mig derfor paadet Bedste med mil endnu veldesorterede Vorelager, som jeg fremdeles vedbliver atudsælge under Indkjöbspriserne. H. P. Hansen.",Bekjendtgjörelser,40,298,[1024],aal,predicted,unknown,,y
388537,ode_147770,1841-02-16,"[ 0.02075111 -0.01423042 -0.01770369 ... -0.03267203 -0.01004223
 -0.00127479]",1,Bekjendtgjørelser,1841-02-16_328946,"En Commission er allern. beordret nedsat til at tage begge de sidste Stænderforsamlingers Andragende, om en Forandring i Overbestyrelsen af Skole= og Underviisningsvæsenet under Overveielse. Commissionens Medlemmer ere: Biskop Mynster, Conferentsraad, Generalprocureur Ørsted, Etatsraad Kolderup-Rosenvinge, Etatsraad, Cancelliedeputeret Holm og Professor Theol.",Fædrelandet,41,362,[1024],ode,predicted,unknown,,y
619687,vib_104555,1829-06-02,"[ 0.01675091  0.00421931 -0.0175634  ... -0.02412278 -0.0160743
  0.00373808]",1,Bekjendtgjørelser,1829-06-02_261807,"En slittelig Dreng, helst confirmeret, som har Lysttil at lære Handelen, kan blive antaget hes en Kjøbmand her i Provindsen. Man henvender sig i den Anledning til Boghandler Dons i Viborg, hvor det Nærmere erfares.",Bekjendtgjørelser,35,214,[1024],vib,predicted,unknown,,y
70455,lol_070824,1833-10-08,"[ 0.03104637  0.01123359 -0.01570889 ... -0.01603323 -0.05694096
 -0.00432894]",1,Bekjendtgjørelser,1833-10-08_115040,"Tilkjøbs. Et nyt Parti af det bekjendte paalidelige givtfrie Rotter- og Muusfordrivningsmiddel er nu indløben, i større og mindre Flasker a 14 Mk. 8 s. og 7 Mk. 8 s., og at faae hos Giegengack i Mariebo.",Bekjendtgjørelser,37,203,[1024],lol,gold,unknown,,y
702120,aar_017118,1800-08-02,"[ 0.02292825  0.0107849  -0.0252364  ... -0.01080252 -0.02873545
 -0.01539932]",1,Bekjendtgjørelser,1800-08-02_23866,"Her paa Adresse=Contoiret faaes tilkiøbs: Linieret Papiir til Auctionsforretninger, a Bog 2 Mk. Af og Tilgangslister, a Bog . . 1 Mk. 8. Hovedmandtalslister, a Bog 1 Mk. 8 s. Markedspasser, a Bog . 3 Mk.",Bekiendtgiørelser,36,203,[1024],aar,predicted,unknown,,y
310130,ode_069095,1824-02-04,"[ 0.03765451  0.00561245 -0.01307322 ... -0.02772388 -0.0295762
  0.00789013]",1,Bekjendtgjørelser,1824-02-04_219524,"Jakobsen, C., Ny Kogebog eller Anviisning til at kogebage, stege, indsylte, henlægge, indslagte, anrette o. s. v. 2det Oplag. 1821. 1 Rbd. heftet.",Titelblad,23,146,[1024],ode,predicted,unknown,,y
628963,vib_113852,1831-06-28,"[ 0.02161407  0.004412   -0.03815096 ... -0.02401292 -0.02704349
  0.00363131]",1,Bekjendtgjørelser,1831-06-28_276902,"Stratorerteereriarosriorterretterrer, - Bekjendtgjørelser. J Overeensstemmelse med den 20de s. i Forordningen 27de September 1799 om Trykkefrihedens Grændser, bekjendtgjøres herved Domslutningen af den i den Kongelige Lands-Over- samt Hof- og Stadsret i Kjøbenhavn, Mandagen den 6te Juni 1831, i",Jndenlandske Efterretninger,38,295,[1024],vib,predicted,unknown,,y
214504,aal_129547,1838-11-01,"[ 0.01041363  0.01041861 -0.01974252 ... -0.02236524 -0.03321993
  0.00143062]",1,Bekjendtgjørelser,1838-11-01_97694,"For en duelig Møllersvend er Tjeneste ledig, men uden gode Anbefalinger nytter det ikke at melde sig. Gartner Jlonster=wiebler. af skjønne dobbelte og enkelte Hyacinther, Taketter, Jonquiller, Amaryllis &c. re nyligen arriverede og kunne faaes hos J. P. M. Beck, ved Gammel-Mølle.",Bekjendtgjörelser,42,280,[1024],aal,predicted,unknown,,y
37043,lol_037251,1822-10-04,"[ 0.01692615 -0.0013543  -0.01513628 ... -0.01713131 -0.01820323
  0.00035937]",1,Bekjendtgjørelser,1822-10-04_63341,"Bekjendtgjørelser. Jstedetfor Mandag og Torsdag, udleveres herefter Bøger fra Provindsialbogsamlingen Onsdag og Løverdag, om Formiddagen fra Kl. 11 til 12; hvilket herved kundgjøres.",Bekjendtgjørelser,23,182,[1024],lol,gold,unknown,,y
297654,ode_056611,1821-04-27,"[ 0.01981584 -0.00610355 -0.01949332 ... -0.0158006  -0.03506229
  0.00049297]",1,Bekjendtgjørelser,1821-04-27_202135,"Paa en Oversættelse af Venturinis ChronidesneunBehnten Jahrhundert for saavidt som Spanien angaaer, modtages Subskription her paa Adressekontoiret, hvor Planen er til Eftersyn i 14 Dage.",Avertissements,25,186,[1024],ode,predicted,unknown,,y
350964,ode_110075,1834-01-20,"[ 0.03359204  0.01211337 -0.02072413 ... -0.021046   -0.02296501
 -0.00486253]",1,Bekjendtgjørelser,1834-01-20_277410,"Ved den høiærværdige Biskop Plums Død, d. 18 Jan. 1834. Vera laus veræ virtuti debetur. Som han levede i Kjærlighed for Sandhed, Retfærdighed og Pligt, dyrkende med ufravendt Ole Aabenbaringen i Bibel, Naturog eget Bryst, saa gik kan ogsaa ved den evige Sandheds milde Fakkelflamme med urokket Tillid og Ro signet og signende - frem for dens Himmeltrone. Hæder være hans Minde, Trøst, hans Efterladte",Titelblad,65,400,[1024],ode,predicted,unknown,,y
231275,aal_146352,1841-07-16,"[ 0.04081684  0.01673031 -0.00923095 ... -0.01480999 -0.0368538
 -0.01038197]",1,Bekjendtgjørelser,1841-07-16_118832,"Billetter a 2 Mk. faaes hos Hr. Gjæstgirer Petersen, samt ved Indgangen, der aabnes Kl. 7. Henrich Koch. Violinist i Iloscapellet.",Bekjendtgjørelser,21,130,[1024],aal,predicted,unknown,,y
206600,aal_121626,1837-07-29,"[ 0.02924452  0.00796868 -0.01341737 ... -0.00373696 -0.02516323
 -0.01023048]",1,Bekjendtgjørelser,1837-07-29_87376,"udgivet af P. Chr. Borch & A. Ph. Kirs Enke. - Redigeret af Capitain v. Bøderberg, Rd. af D.",Titelblad,19,92,[1024],aal,predicted,unknown,,y
272812,ode_031751,1816-05-27,"[ 0.03725103 -0.01292042 -0.02246957 ... -0.01088176 -0.04632228
  0.01282121]",1,Bekjendtgjørelser,1816-05-27_169016,"Papiir-Oplaget fra Fabrikken Frikshaab er hos Kjøbmand Paul Jacobsen i Fasborg. Dhrr. Handlende, der kjöbe 10 Riis eller derover, nyde Rabat, og om forlanges 2 Maaneders Credit,",Fædrelandet,27,177,[1024],ode,predicted,unknown,,y
826336,aar_141483,1832-12-07,"[ 0.02424148  0.00297885 -0.03126224 ... -0.02640867 -0.03398816
 -0.01062879]",1,Bekjendtgjørelser,1832-12-07_184528,"J saae Davidsen, paa Kannikegade. Nye Mallaga Rosiner, Fr. Svedsker, Cathrineblommer, søde bittre og Krak Mandler, Bamb. Kirsebær, Caroline Riis, Perle-Sago, fiin Muskatblomme, dito Nødder, Cardemomme, Cancel, fiin og godt Congo Thee, m. fl. gode Urtekræmmer-Varer ere arriveret og faaes meget billig hos S. Lind.",Bekjendtgjørelser,45,313,[1024],aar,predicted,unknown,,y
443259,ode_202526,1848-11-07,"[ 0.04053451  0.00764858 -0.01323161 ... -0.02611869 -0.00914795
  0.00527939]",1,Bekjendtgjørelser,1848-11-07_403817,"Udnævnelser. Under 31 Octbr. er Geheimearchivarius, ved Hs. Maj. Kongens Geheimearchiv Dr. F. C. Wegener, allernaadigst udnævnt til Professor med Rang i 4de Klasse No. 3 efter Rangforordningen.",Fædrelandet,28,193,[1024],ode,predicted,unknown,,y
768339,aar_083410,1820-06-02,"[ 0.04395983  0.01928609 -0.03141867 ... -0.01668009 -0.0489646
  0.01405675]",1,Bekjendtgjørelser,1820-06-02_110188,"Kiøbmand K paa Broberg har endnu ikke, uagtet sine Løfter, hverken leveret mig min Hat tilbage, eller Betalingen derfor, thi anmodes han for sidste Gang derom, hvis han ikke ønsker at see sit fulde Navn beJ. Hirsch, kiendtgjort.",Bekiendtgiørelser,38,228,[1024],aar,predicted,unknown,,y
146459,aal_061375,1827-08-04,"[ 0.01967142  0.01075441 -0.03112829 ... -0.02975255 -0.06426372
 -0.00821429]",1,Bekjendtgjørelser,1827-08-04_2782,"Speilglas af forskjellig Størrelse med Folium, samt Reflections-Speile, bekommes til billigste Priis hos Dahlin. Til Michaeli er Værelser tilleie hos Dahlin. Hvor en stærk Reisekuffert kan faaes tilkjøbs anviser Stiftsbogtrykkeriet.",Bekjendtgjørelser,30,232,[1024],aal,predicted,unknown,,y
625921,vib_110798,1830-10-05,"[ 0.04141925 -0.01342791 -0.02789789 ... -0.03515111 -0.03770943
  0.00974343]",1,Bekjendtgjørelser,1830-10-05_271877,"Bekjendtgjørelser. Det har behaget det alvise Forsyn, igaar Eftermiddag Kl. 1, til et bedre Liv at hjemkalde vor elskede Søn, Seminarist Jacob Dittman Stilling Woergaard, i hans Alders 24de Aar. Med roligt Mod og gudhengivent Sind saae han sin Oplysning imøde, som en tærende Sygdom uundgaaeligenfremkaldte. En let og smertefrie Død endte hans Lidelser. Dybt nedbøiede ved Tabet af vor retskafne og kiærlige Søn, frabede vi os al Bevidnelse om Deeltagelse i vor Sorg.",Bekjendtgjørelser,74,467,[1024],vib,predicted,unknown,,y
205927,aal_120952,1837-06-17,"[ 0.02913771  0.01390194 -0.00124963 ... -0.03212134 -0.05449121
  0.01039183]",1,Bekjendtgjørelser,1837-06-17_86490,"Første Afdeling. 1) Duverture. Fortepiano=Concert i E Mol, af Kalkbrenner, udføres af Noach jun. Fiirstemmig Sang med Accompagnement. 4) Variationer for Klarinet, af Baermann, udføres, af Noach jun. Trio for Viola, Flauto og Guitarre. Variationer for Fortepiano og Obligat=Fagot, af C. M. Weber, udføres af Noach sen. og junAnden Afdeling. Duverture. Variationer for Fortepiano, af Hertz, ved Noach junior. 3) Qvartet for 2 Viola, Violin og Violonce. Comisk Basarie med Accompagnement.",Blandede Efterretninger,71,485,[1024],aal,predicted,unknown,,y
29274,lol_029409,1820-05-26,"[ 0.04793174 -0.00040721 -0.02277056 ... -0.01693323 -0.06383093
 -0.0112827 ]",1,Bekjendtgjørelser,1820-05-26_51085,Paa Addresse-Contoiret i Mariboe kan bekommes tilkjøbs: extra godt hollandsk Concepipapiir.,Bekjendtgjørelser,11,91,[1024],lol,gold,unknown,,y
802782,aar_117893,1827-08-14,"[ 0.00967871  0.03483978 -0.03031231 ... -0.03684495 -0.04382464
 -0.0117261 ]",1,Bekjendtgjørelser,1827-08-14_154220,Bekjendtgjørelser. Skuespil i Horsens. Fredagsaften opføres: (Til Benefice for Hr. og Mad. Müller) Kjøbenhavn. Nyt originalt Lystspil i 4 Acter. Titchen.,Bekjendtgjørelser,21,153,[1024],aar,predicted,unknown,,y
182968,aal_097945,1833-07-15,"[ 0.02235935 -0.00698119 -0.04103443 ... -0.00844012 -0.04382267
 -0.00406756]",1,Bekjendtgjørelser,1833-07-15_54513,"Wor fuldendt Kunst man for end saae og ikke saae Det Dig, Chalia=Peiberg! dag indrømmes maaAt Sandhed er Dit Blik, Din Röst, Dit Spil; At Kunstens rige Gave er Natur hos DigArndopides.",Fædrenelandet,32,184,[1024],aal,predicted,unknown,,y
135567,aal_050480,1825-12-10,"[ 0.00609846 -0.00199073 -0.01246145 ... -0.001957   -0.04673842
  0.00365355]",1,Bekjendtgjørelser,61407,"Ligesom jeg herved ønsker at bidrage til sand Gudfrygtigheds Fremvært, saaledes haaber jeg at møde velvillig Understøttelse. Subskription modtages hos Hr. Bogtrykker Borch eller hos mig selv. For det første tør jeg ikke love ringere Priis end 1 Rbdlr. qvartaliter for Trykpapiir og 8 Mk. før Skrivpapiir. Aalborg, 1ste December 1825. H. C. Stenersen Gad.",Bekjendtgjørelser.,55,354,[1024],aal,predicted,unknown,,y
729204,aar_044228,1809-07-12,"[ 0.00986185 -0.00936446 -0.02640359 ... -0.01212931 -0.04337456
  0.00831284]",1,Bekjendtgjørelser,1809-07-12_59773,"De samlede Forordninger tilligemed Schous Register, begge for 1808, ere med øvrige ny Literatur at faae Schytte.",Bekiendtgiørelser,17,112,[1024],aar,predicted,unknown,,y
680249,vib_165274,1842-03-03,"[ 0.01502355  0.01009998 -0.05312826 ... -0.00998471 -0.03249317
 -0.00327911]",1,Bekjendtgjørelser,1842-03-03_359342,"Min tiltagende Afsætning i de senere Aar til Provindserne lader mig formode at ogsaa Familier der ville i de nævnte Artikler finde Ting som især til de Priser hvortil de sælges maatte finde Bifald, og da Partiet er saa stort raaden jeg til, at overdrage Valget til Bekjendtere her, idet jeg ikke som for saa ofte har været Tilfældet, selv tør paatage mig dette.",AVERTISSEMENTS,64,361,[1024],vib,predicted,unknown,,y
332288,ode_091322,1829-06-11,"[ 0.0248069   0.02647731 -0.01361644 ... -0.01523796 -0.03909429
  0.00027502]",1,Bekjendtgjørelser,1829-06-11_251010,"AVERTISSEMENT S. Da kun et lidet Antal af de udgivne NB. Prænumerationsplaner paa endeel Forlagsskrifter til hale Priis ere tilbagekomne, saa bliver, ifølge Fleres Ønske, Tiden, hvori Prænumeration paa de anførte fordeelagtige Vilkaar modtages, gjeldende endnu i et halvt Aar fra Dato indtil 1 Novbr. d. A. Af Planen selv erfares det Videre, hvorhos dog bemærkes, at de først remitterede Planer have Fortrin.",AVERTISSEMENT S,63,408,[1024],ode,predicted,unknown,,y
763738,aar_078804,1819-03-27,"[ 0.02958795  0.02092244 -0.03613255 ... -0.05420487 -0.03595636
 -0.00976142]",1,Bekjendtgjørelser,1819-03-27_104409,"Bekiendtgiørelser. Søndagen d. 28de Marts, Aftenen Kl. 7, opføres paa Polyhymnias Theater: De Sandseslasse. Lystspil i 1 Act af Kotebue. Vedsteforældrene, eller det snurrige. Frierie. Originalt Lystsvil i to After af B. Bang.",Bekiendtgiørelser,33,225,[1024],aar,predicted,unknown,,y
479985,thi_036803,1838-09-01,"[ 0.04164898  0.01493766 -0.02966576 ... -0.01320481 -0.05276171
  0.0179998 ]",1,Bekjendtgjørelser,1838-09-01_47713,"C. Andersen. Første Afdeling: ""Spanierne i Odense, Vaudeville i 1 Act. Anden Afdeling: ""Fem og tyve Aar derefter i Helsingøer, Vaudeville i 1 Act. Billetter a 2 Mk. 8 s., (Børn det Halve) erholdes i mit Logie hos Hr. Kobbersmed Schmidt. Hvo som tager 6 Billetter erholder disse for 2 A. Werligh. Rbd.",AVERTISSEMENTS,53,300,[1024],thi,predicted,unknown,,y
553048,vib_037761,1817-06-23,"[ 0.02080033  0.01143615 -0.02206913 ... -0.02286754 -0.05662288
 -0.01308074]",1,Bekjendtgjørelser,1817-06-23_164332,"Hos Undertegnede faaes: Forskjellige Sorter fine og grove Skrivpapirer, Karhuus=Glands=Marmor= og Kattun=Papiir, Jmperial-Roial=Velin og Postpapiir, Ringkjøbings rødt Lak, fine Tegneblianter, Brevoblater, m. m.",Indenlandske Tidender,23,210,[1024],vib,predicted,unknown,,y
564445,vib_049195,1819-06-16,"[ 0.03682468  0.00677322 -0.02105432 ... -0.01758444 -0.04287933
  0.01919921]",1,Bekjendtgjørelser,1819-06-16_180411,Billetter erholdes i mit Logie hos Hr. Jørgen Gjørup for 1 Rbd. Stykket. De som tager et halvt eller heelt Dosin for 4 Mk. pr. Styk. Indgangen aabnes Kl. 6 og Begyndelsen skeer Kl. 7. Fr. Røeppke.,Bekjendtgjørelser,37,196,[1024],vib,predicted,unknown,,y
763691,aar_078757,1819-03-23,"[ 0.03311348  0.01639253 -0.0210792  ... -0.01173746 -0.04307505
  0.0155797 ]",1,Bekjendtgjørelser,1819-03-23_104352,"Entrebilletter a 1 Rbd. eie forinden at erholde i mit Logis hos Hr. Kiøbmand Fulling, samt Forestillings. aftenen ved Indgangen.",Bekiendtgiørelser,20,128,[1024],aar,predicted,unknown,,y
600883,vib_085727,1825-10-12,"[ 0.0388669   0.02361619 -0.02598855 ... -0.04476194 -0.04977468
 -0.02271504]",1,Bekjendtgjørelser,1825-10-12_233866,"Bekjendtgjørelser. Skuespil. Torsdagen den 13de October opføres : (for næstsidste Gang, Trylletrommen, eller: Narrchætten, stort tyrkisk Trylle-Opera i 3 Acter. Musiken af Schat. Becker.",Bekjendtgjørelser,24,186,[1024],vib,predicted,unknown,,y
129193,aal_044106,1825-01-06,"[ 0.01400327  0.01381961 -0.01355195 ... -0.0152977  -0.03051612
  0.01298838]",1,Bekjendtgjørelser,53496,"Ceres. Et periodisk Skrivt for dannede Læsere. Udgiver af F. M. Lange. Femte Hefte. Det indeholder: Juliette, eller det hemmelige Ægteskab, af Frederik Kind. - Jagtgildet, af Washington Irving. Subskription modtages hos Vogelius, Boghandler og Bogbinder.",Skuespil.,36,254,[1024],aal,predicted,unknown,,y
477045,thi_033858,1837-07-29,"[ 0.0032286   0.01315721 -0.02723944 ... -0.0141418  -0.01139402
 -0.0010674 ]",1,Bekjendtgjørelser,1837-07-29_44024,"De Herrer fra Landet, der hos mig have subscriberet paa Lov og Ret for Herremænd, og Bønder, ville behage at lade 1ste og 2det Joh. G. Lund. Hefte afhente hos",AVERTISSEMENTS,30,158,[1024],thi,predicted,unknown,,y
258238,ode_017154,1813-01-25,"[ 0.01407084 -0.00667951 -0.01535247 ... -0.02535662 -0.04585007
  0.0177493 ]",1,Bekjendtgjørelser,1813-01-25_150253,"Enhver Borger og Læg=Mand, der skjøtter om at anvende en Aften Time ved dette Foredrag, behøver blot at indlægge en Seddel med sit paaskrevne Navn i mit Logis, da jeg snarest muelig besørger det videre Fornødne. Hvis jeg derved kunde bidrage, det være lidet eller meget til den gode Sag, og gavne mine Medborgere, da er jeg fuldkommen betalt for min Uleilighed.",Første rubrik,62,361,[1024],ode,predicted,unknown,,y
669536,vib_154545,1840-03-07,"[ 0.01167296  0.01943357 -0.02903998 ... -0.03157685 -0.01805255
  0.00079356]",1,Bekjendtgjørelser,1840-03-07_342468,"AVERTISSEMENTS. Paa afdøde Professor Ridder Stougaards særdeles veltrufne Portrait, tegnet af Hr. Portraitmaler A. Winther og lithographeret af Hr. Em. Bærenzen, modtages Subskription hos P. C. Kabell.",AVERTISSEMENTS,27,201,[1024],vib,predicted,unknown,,y
264328,ode_023252,1814-08-19,"[ 0.01089774  0.00993031 -0.02080439 ... -0.0415175  -0.02354632
  0.01144008]",1,Bekjendtgjørelser,1814-08-19_158016,"En udi Stiftet pensioneret Præst ønsker at give PrivatUnderviisning for Børn, hvilket herved tilkjendegives, for at kunne aftale alt øvrigt med ham selv, som logerer hos Mad. dre Oehlenschlager i Klaregaden.",Avertissements,31,207,[1024],ode,predicted,unknown,,y
424872,ode_184130,1846-09-12,"[ 0.03939665  0.00689657 -0.00504669 ... -0.02013762 -0.02695034
  0.02515518]",1,Bekjendtgjørelser,1846-09-12_378483,"AVERTISSEMENTS. Paa mit Forlag er udkommen: H. Jastraus Apparat til Underviisning i dansk Skrift. 1ste Hefte i Omslag 3 Mk. Opklædet paa fast Pap i 1to 6 Mk. Ditto opklædet paa Pap, gjennemskaaret i 86 Stkr., der udgjøre 6 Afdelinger, hver med et lille Foutteral og et større ditto til at conservere dem i, 9 Mk. 2det Hefte, med større dansk Sammenskrift, engelsk eller latinsk Skrift, samt Fractur, vil complet udkomme i næste Maaned. Miloske Bog= og Papirhandling.",AVERTISSEMENTS,78,466,[1024],ode,predicted,unknown,,y
798855,aar_113964,1826-11-17,"[ 0.05706759  0.00149067 -0.02171274 ...  0.00663467 -0.03257199
 -0.00844228]",1,Bekjendtgjørelser,1826-11-17_149285,"Baggesens allerældste Poesier, fra hans syvende Aar, kan ventes i en til Nytaar udkommende Samling.",Fædrelandet,15,99,[1024],aar,predicted,unknown,,y
115357,aal_030269,1822-11-21,"[ 0.02437122  0.01196045 -0.03865495 ... -0.03684545 -0.05040038
 -0.00119343]",1,Bekjendtgjørelser,36265,"Følgende nye Bøger faaes hos Undertegnede: Penia eller Blade for Skole=Jndustrie=Medicinal- og Forsørgelses=Væsen, af Statsraad Thaarup for 1816 9 Mk., 1817 og 1818 4 Mk., 1821 7 Mk. 8 s. Kirkens Band, Ridderskuespil af N. Søtoft, indbunden 9 Mk. Barbereren i Sevilla, Syngestykke i to Akter ved N. T. Bruun, heftet 1 Rbd. Almanakker for 1823 a 100 11 Rbd. Skriverbøger for Almueskoler paa 1 Bog Papir, hefter 16 s. Rottbøll Sadolin.",Bekjendtgjørelser.,72,433,[1024],aal,predicted,unknown,,y
166666,aal_081610,1831-01-06,"[ 0.0243545   0.00793138 -0.02604117 ... -0.00159718 -0.03039449
  0.00775089]",1,Bekjendtgjørelser,1831-01-06_31030,"En ung Mønne, tjenlig til Jagten, anvises tilkjøbs fra Stiftsbogtrykkeriet.",Bekjendtgjoreløer,10,75,[1024],aal,predicted,unknown,,y
